{"Linear Regression": {"metrics": {"rmse_train": 141973.96957572617, "r2_train": 0.5490871733336353, "mae_train": 104259.0628025807, "mse_train": 20156608037.089222, "rmse_test": 136911.94541533335, "r2_test": 0.5386390212614933, "mae_test": 99094.48421290371, "mse_test": 18744880797.411217}, "cv_results": 